[
{
  "model": "sessions.session",
  "pk": "negkarfr86fikub2uabhd7z0zlq117a9",
  "fields": {
    "session_data": ".eJxVjEEOwiAQRe_C2hBgKKBL9z0DgWFGqoYmpV0Z765NutDtf-_9l4hpW2vcOi1xKuIitDj9bjnhg9oOyj212yxxbusyZbkr8qBdjnOh5_Vw_w5q6vVbg6OUAbxW6NAS4MCDK4TMRD7YdHaGLQRDpKwDxVpz8MVajQzOaCPeH_QHN9M:1mWAaG:_kJQXT5LBQ1JCxlzZIFaFmwj8Cm5zCvRTMTLI-DwRFo",
    "expire_date": "2021-10-15T04:55:44.532Z"
  }
},
{
  "model": "sessions.session",
  "pk": "w1ped0tqejqeqar5gibvsg53rk5xlxdi",
  "fields": {
    "session_data": ".eJxVjEEOwiAQRe_C2hBgKKBL9z0DgWFGqoYmpV0Z765NutDtf-_9l4hpW2vcOi1xKuIitDj9bjnhg9oOyj212yxxbusyZbkr8qBdjnOh5_Vw_w5q6vVbg6OUAbxW6NAS4MCDK4TMRD7YdHaGLQRDpKwDxVpz8MVajQzOaCPeH_QHN9M:1mWAnP:JkCRSvIwWx9yAKmW198fR9IUf5_dkfo-GUVOcPaq00k",
    "expire_date": "2021-10-15T05:09:19.231Z"
  }
},
{
  "model": "authentication.permission",
  "pk": 1,
  "fields": {
    "title": "create-user",
    "description": "Ability to create uesrs",
    "created_at": "2021-10-01T04:56:24.411Z",
    "updated_at": "2021-10-01T04:56:43.305Z"
  }
},
{
  "model": "authentication.permission",
  "pk": 2,
  "fields": {
    "title": "list-user",
    "description": "Ability to list users",
    "created_at": "2021-10-01T04:57:13.546Z",
    "updated_at": "2021-10-01T04:57:13.546Z"
  }
},
{
  "model": "authentication.permission",
  "pk": 3,
  "fields": {
    "title": "retrieve-user",
    "description": "Ability to view a user",
    "created_at": "2021-10-01T04:57:30.898Z",
    "updated_at": "2021-10-01T04:57:30.898Z"
  }
},
{
  "model": "authentication.permission",
  "pk": 4,
  "fields": {
    "title": "update-user",
    "description": "Ability to edit a user",
    "created_at": "2021-10-01T04:57:43.083Z",
    "updated_at": "2021-10-01T04:57:43.083Z"
  }
},
{
  "model": "authentication.permission",
  "pk": 5,
  "fields": {
    "title": "destroy-user",
    "description": "Ability to delete a user",
    "created_at": "2021-10-01T04:58:01.488Z",
    "updated_at": "2021-10-01T04:58:01.488Z"
  }
},
{
  "model": "authentication.permission",
  "pk": 6,
  "fields": {
    "title": "list-userprofile",
    "description": "Ability to list profiles",
    "created_at": "2021-10-01T04:58:50.858Z",
    "updated_at": "2021-10-01T04:58:50.859Z"
  }
},
{
  "model": "authentication.permission",
  "pk": 7,
  "fields": {
    "title": "create-userprofile",
    "description": "ability to create a profile",
    "created_at": "2021-10-01T04:59:11.546Z",
    "updated_at": "2021-10-01T04:59:11.546Z"
  }
},
{
  "model": "authentication.permission",
  "pk": 8,
  "fields": {
    "title": "retrieve-userprofile",
    "description": "Ability to view a profile",
    "created_at": "2021-10-01T04:59:36.019Z",
    "updated_at": "2021-10-01T04:59:36.020Z"
  }
},
{
  "model": "authentication.permission",
  "pk": 9,
  "fields": {
    "title": "update-userprofile",
    "description": "Ability to edit a profile",
    "created_at": "2021-10-01T04:59:52.835Z",
    "updated_at": "2021-10-01T04:59:52.835Z"
  }
},
{
  "model": "authentication.permission",
  "pk": 10,
  "fields": {
    "title": "destroy-userprofile",
    "description": "Ability to delete a profile",
    "created_at": "2021-10-01T05:00:14.892Z",
    "updated_at": "2021-10-01T05:00:14.892Z"
  }
},
{
  "model": "authentication.permission",
  "pk": 11,
  "fields": {
    "title": "list-role",
    "description": "Ability to list roles",
    "created_at": "2021-10-01T05:00:42.844Z",
    "updated_at": "2021-10-01T05:00:42.844Z"
  }
},
{
  "model": "authentication.permission",
  "pk": 12,
  "fields": {
    "title": "create-role",
    "description": "Ability to create a role",
    "created_at": "2021-10-01T05:00:55.733Z",
    "updated_at": "2021-10-01T05:00:55.733Z"
  }
},
{
  "model": "authentication.permission",
  "pk": 13,
  "fields": {
    "title": "retrieve-role",
    "description": "Ability to view a role",
    "created_at": "2021-10-01T05:01:36.870Z",
    "updated_at": "2021-10-01T05:01:36.870Z"
  }
},
{
  "model": "authentication.permission",
  "pk": 14,
  "fields": {
    "title": "update-role",
    "description": "Ability to edit a role",
    "created_at": "2021-10-01T05:01:54.020Z",
    "updated_at": "2021-10-01T05:01:54.020Z"
  }
},
{
  "model": "authentication.permission",
  "pk": 15,
  "fields": {
    "title": "destroy-role",
    "description": "Ability to delete a role",
    "created_at": "2021-10-01T05:02:21.804Z",
    "updated_at": "2021-10-01T05:02:21.804Z"
  }
},
{
  "model": "authentication.permission",
  "pk": 16,
  "fields": {
    "title": "list-permission",
    "description": "Ability to list permissions",
    "created_at": "2021-10-01T05:02:58.170Z",
    "updated_at": "2021-10-01T05:02:58.170Z"
  }
},
{
  "model": "authentication.permission",
  "pk": 17,
  "fields": {
    "title": "create-permission",
    "description": "Ability to create a permission",
    "created_at": "2021-10-01T05:03:14.514Z",
    "updated_at": "2021-10-01T05:03:14.514Z"
  }
},
{
  "model": "authentication.permission",
  "pk": 18,
  "fields": {
    "title": "retrieve-permission",
    "description": "Ability to view a permission",
    "created_at": "2021-10-01T05:03:37.489Z",
    "updated_at": "2021-10-01T05:03:37.489Z"
  }
},
{
  "model": "authentication.permission",
  "pk": 19,
  "fields": {
    "title": "update-permission",
    "description": "Ability to edit a permission",
    "created_at": "2021-10-01T05:03:58.706Z",
    "updated_at": "2021-10-01T05:03:58.706Z"
  }
},
{
  "model": "authentication.permission",
  "pk": 20,
  "fields": {
    "title": "destroy-permission",
    "description": "Ability to delete a permission",
    "created_at": "2021-10-01T05:04:14.612Z",
    "updated_at": "2021-10-01T05:04:14.612Z"
  }
},
{
  "model": "authentication.role",
  "pk": 1,
  "fields": {
    "title": "Admin",
    "description": "Administrator",
    "created_at": "2021-10-01T05:04:50.158Z",
    "updated_at": "2021-10-01T05:04:50.158Z",
    "permissions": [
      1,
      2,
      3,
      4,
      5,
      6,
      7,
      8,
      9,
      10,
      11,
      12,
      13,
      14,
      15,
      16,
      17,
      18,
      19,
      20
    ]
  }
},
{
  "model": "authentication.role",
  "pk": 2,
  "fields": {
    "title": "Staff",
    "description": "Staff",
    "created_at": "2021-10-01T05:05:33.566Z",
    "updated_at": "2021-10-01T05:05:33.566Z",
    "permissions": [
      2,
      3,
      4,
      6,
      8
    ]
  }
},
{
  "model": "authentication.role",
  "pk": 3,
  "fields": {
    "title": "Regular",
    "description": "Regular",
    "created_at": "2021-10-01T05:06:31.816Z",
    "updated_at": "2021-10-01T05:06:31.816Z",
    "permissions": [
      2,
      3,
      6,
      7
    ]
  }
},
{
  "model": "authentication.user",
  "fields": {
    "password": "pbkdf2_sha256$260000$cEhYiEgeShVBbM63rn9r69$a2Jhv/ur3+8M2FsHiVx3+FVJtB1YxSMe9FDaPMOocOI=",
    "last_login": "2021-10-01T05:09:19Z",
    "is_superuser": true,
    "username": "admin",
    "email": "admin@admin.com",
    "is_verified": true,
    "is_active": true,
    "is_staff": true,
    "role": 1,
    "created_at": "2021-10-01T04:53:05.205Z",
    "updated_at": "2021-10-01T08:25:41.649Z",
    "groups": [],
    "user_permissions": []
  }
},
{
  "model": "authentication.user",
  "fields": {
    "password": "pbkdf2_sha256$260000$akhecTZ4IjuNwgll8UzGOj$pT/XVVThtf0urXMeC4s2CSwPaCOo5+FhaVi5ZgURZfY=",
    "last_login": null,
    "is_superuser": false,
    "username": "user1",
    "email": "user1@example.com",
    "is_verified": false,
    "is_active": true,
    "is_staff": false,
    "role": null,
    "created_at": "2021-10-01T08:24:10.755Z",
    "updated_at": "2021-10-01T08:24:10.755Z",
    "groups": [],
    "user_permissions": []
  }
},
{
  "model": "authentication.user",
  "fields": {
    "password": "pbkdf2_sha256$260000$p4GpHwg1swjujC51IgHuqS$fc2Ol3VO7D1rmg21X9tfYmhDw4MmOMGJiFFjSYkDFg0=",
    "last_login": null,
    "is_superuser": false,
    "username": "test",
    "email": "test@mail.com",
    "is_verified": false,
    "is_active": true,
    "is_staff": false,
    "role": null,
    "created_at": "2021-10-01T09:21:24.867Z",
    "updated_at": "2021-10-01T09:21:24.867Z",
    "groups": [],
    "user_permissions": []
  }
},
{
  "model": "authentication.user",
  "fields": {
    "password": "pbkdf2_sha256$260000$blYGvgXSeKOY4JyLexaLkX$6KZHv8QJmxQWCqdA1qmJO6lg6oJYpmAO+3R523XMgkY=",
    "last_login": null,
    "is_superuser": false,
    "username": "test2",
    "email": "test2@mail.com",
    "is_verified": false,
    "is_active": true,
    "is_staff": false,
    "role": null,
    "created_at": "2021-10-01T11:33:47.383Z",
    "updated_at": "2021-10-01T11:33:47.383Z",
    "groups": [],
    "user_permissions": []
  }
},
{
  "model": "authentication.user",
  "fields": {
    "password": "pbkdf2_sha256$260000$MA7O77myiK8Pd9EW0PJS35$qie6TAhbAso9/TKAwosdlezdXLjyZpeWkYWc3KiRW64=",
    "last_login": null,
    "is_superuser": false,
    "username": "adawagepy",
    "email": "adawagepy@gmail.com",
    "is_verified": false,
    "is_active": true,
    "is_staff": false,
    "role": null,
    "created_at": "2021-10-02T06:44:27.806Z",
    "updated_at": "2021-10-02T06:44:27.806Z",
    "groups": [],
    "user_permissions": []
  }
},
{
  "model": "authentication.userprofile",
  "pk": 1,
  "fields": {
    "user": [
      "admin@admin.com"
    ],
    "first_name": null,
    "last_name": null,
    "gender": null,
    "birthday": null,
    "profile_picture": "image/upload/v1531667999/default.png"
  }
},
{
  "model": "authentication.userprofile",
  "pk": 2,
  "fields": {
    "user": [
      "user1@example.com"
    ],
    "first_name": null,
    "last_name": null,
    "gender": null,
    "birthday": null,
    "profile_picture": "image/upload/v1531667999/default.png"
  }
},
{
  "model": "authentication.userprofile",
  "pk": 3,
  "fields": {
    "user": [
      "test@mail.com"
    ],
    "first_name": null,
    "last_name": null,
    "gender": null,
    "birthday": null,
    "profile_picture": "image/upload/v1531667999/default.png"
  }
},
{
  "model": "authentication.userprofile",
  "pk": 4,
  "fields": {
    "user": [
      "test2@mail.com"
    ],
    "first_name": null,
    "last_name": null,
    "gender": null,
    "birthday": null,
    "profile_picture": "image/upload/v1531667999/default.png"
  }
},
{
  "model": "authentication.userprofile",
  "pk": 5,
  "fields": {
    "user": [
      "adawagepy@gmail.com"
    ],
    "first_name": null,
    "last_name": null,
    "gender": null,
    "birthday": null,
    "profile_picture": "image/upload/v1531667999/default.png"
  }
},
{
  "model": "token_blacklist.outstandingtoken",
  "pk": 1,
  "fields": {
    "user": [
      "user1@example.com"
    ],
    "jti": "38863235861d4aba81b154657dc5bf25",
    "token": "eyJ0eXAiOiJKV1QiLCJhbGciOiJIUzI1NiJ9.eyJ0b2tlbl90eXBlIjoicmVmcmVzaCIsImV4cCI6MTYzMzE2MzA1MCwianRpIjoiMzg4NjMyMzU4NjFkNGFiYTgxYjE1NDY1N2RjNWJmMjUiLCJ1c2VyX2lkIjoyfQ.XkIKhuvp0Q-0mWGqkPD5H6A2nnXSBh08yVYH9SgIji8",
    "created_at": "2021-10-01T08:24:10.824Z",
    "expires_at": "2021-10-02T08:24:10Z"
  }
},
{
  "model": "token_blacklist.outstandingtoken",
  "pk": 2,
  "fields": {
    "user": [
      "admin@admin.com"
    ],
    "jti": "52ae3b66bdb14d7f8b74c18b70ff83a7",
    "token": "eyJ0eXAiOiJKV1QiLCJhbGciOiJIUzI1NiJ9.eyJ0b2tlbl90eXBlIjoicmVmcmVzaCIsImV4cCI6MTYzMzE2MzE0OCwianRpIjoiNTJhZTNiNjZiZGIxNGQ3ZjhiNzRjMThiNzBmZjgzYTciLCJ1c2VyX2lkIjoxfQ.0FOFzendbmdU7_LJ_UueBajME1tWIM_sPr6xLbYb3LI",
    "created_at": "2021-10-01T08:25:48.884Z",
    "expires_at": "2021-10-02T08:25:48Z"
  }
},
{
  "model": "token_blacklist.outstandingtoken",
  "pk": 3,
  "fields": {
    "user": [
      "admin@admin.com"
    ],
    "jti": "445d5868d0334f11b99aabc155a4cee5",
    "token": "eyJ0eXAiOiJKV1QiLCJhbGciOiJIUzI1NiJ9.eyJ0b2tlbl90eXBlIjoicmVmcmVzaCIsImV4cCI6MTYzMzE2MzE0OCwianRpIjoiNDQ1ZDU4NjhkMDMzNGYxMWI5OWFhYmMxNTVhNGNlZTUiLCJ1c2VyX2lkIjoxfQ.w9_RYrYlXgxFOBCds2D84PCI2mOQriAYo9PsBbZ7VGo",
    "created_at": "2021-10-01T08:25:48.900Z",
    "expires_at": "2021-10-02T08:25:48Z"
  }
},
{
  "model": "token_blacklist.outstandingtoken",
  "pk": 4,
  "fields": {
    "user": [
      "admin@admin.com"
    ],
    "jti": "e31a6f69b0fd40e59466e686164ecf9c",
    "token": "eyJ0eXAiOiJKV1QiLCJhbGciOiJIUzI1NiJ9.eyJ0b2tlbl90eXBlIjoicmVmcmVzaCIsImV4cCI6MTYzMzE2MzE0OCwianRpIjoiZTMxYTZmNjliMGZkNDBlNTk0NjZlNjg2MTY0ZWNmOWMiLCJ1c2VyX2lkIjoxfQ.iCqq8g7CelVxPwUkNJKcHfXuIqUbBsooSZKsSjTqPiw",
    "created_at": "2021-10-01T08:25:48.909Z",
    "expires_at": "2021-10-02T08:25:48Z"
  }
},
{
  "model": "token_blacklist.outstandingtoken",
  "pk": 5,
  "fields": {
    "user": [
      "test@mail.com"
    ],
    "jti": "f87d7011421f4ecbb8bf2bacb410f01e",
    "token": "eyJ0eXAiOiJKV1QiLCJhbGciOiJIUzI1NiJ9.eyJ0b2tlbl90eXBlIjoicmVmcmVzaCIsImV4cCI6MTYzMzE2NjQ4NCwianRpIjoiZjg3ZDcwMTE0MjFmNGVjYmI4YmYyYmFjYjQxMGYwMWUiLCJ1c2VyX2lkIjozfQ.RAlI4nQqcWVdBEuuIRtuzACAiuGtlPr-Rzx8pD4R3CQ",
    "created_at": "2021-10-01T09:21:24.930Z",
    "expires_at": "2021-10-02T09:21:24Z"
  }
},
{
  "model": "token_blacklist.outstandingtoken",
  "pk": 6,
  "fields": {
    "user": [
      "test2@mail.com"
    ],
    "jti": "05e0f6e47e5d40d396ce5d5cc8677657",
    "token": "eyJ0eXAiOiJKV1QiLCJhbGciOiJIUzI1NiJ9.eyJ0b2tlbl90eXBlIjoicmVmcmVzaCIsImV4cCI6MTYzMzE3NDQyNywianRpIjoiMDVlMGY2ZTQ3ZTVkNDBkMzk2Y2U1ZDVjYzg2Nzc2NTciLCJ1c2VyX2lkIjo0fQ.o-ydzGtbR6CEeoHPb7aEl8bFVQ3BvpuOMr0OAiO0xQo",
    "created_at": "2021-10-01T11:33:47.423Z",
    "expires_at": "2021-10-02T11:33:47Z"
  }
},
{
  "model": "token_blacklist.outstandingtoken",
  "pk": 7,
  "fields": {
    "user": [
      "admin@admin.com"
    ],
    "jti": "d0f475d075cb4791b11b088e560b3875",
    "token": "eyJ0eXAiOiJKV1QiLCJhbGciOiJIUzI1NiJ9.eyJ0b2tlbl90eXBlIjoicmVmcmVzaCIsImV4cCI6MTYzMzE3NTQxOCwianRpIjoiZDBmNDc1ZDA3NWNiNDc5MWIxMWIwODhlNTYwYjM4NzUiLCJ1c2VyX2lkIjoxfQ.16gz5cq8xW3TCXVValXlalcdzMKQFXw7U9_MNCIwrEs",
    "created_at": "2021-10-01T11:50:18.871Z",
    "expires_at": "2021-10-02T11:50:18Z"
  }
},
{
  "model": "token_blacklist.outstandingtoken",
  "pk": 8,
  "fields": {
    "user": [
      "admin@admin.com"
    ],
    "jti": "b4ba945c5fa64bada41ca74148b3a2d5",
    "token": "eyJ0eXAiOiJKV1QiLCJhbGciOiJIUzI1NiJ9.eyJ0b2tlbl90eXBlIjoicmVmcmVzaCIsImV4cCI6MTYzMzE3NTQxOCwianRpIjoiYjRiYTk0NWM1ZmE2NGJhZGE0MWNhNzQxNDhiM2EyZDUiLCJ1c2VyX2lkIjoxfQ.YPKO1HMlFJIf51WU1FchEClNjDHpsgeGAEQU2AKjuhc",
    "created_at": "2021-10-01T11:50:18.896Z",
    "expires_at": "2021-10-02T11:50:18Z"
  }
},
{
  "model": "token_blacklist.outstandingtoken",
  "pk": 9,
  "fields": {
    "user": [
      "admin@admin.com"
    ],
    "jti": "de30c81de3c64990b2f0cad9530e1cf7",
    "token": "eyJ0eXAiOiJKV1QiLCJhbGciOiJIUzI1NiJ9.eyJ0b2tlbl90eXBlIjoicmVmcmVzaCIsImV4cCI6MTYzMzE3NTQxOCwianRpIjoiZGUzMGM4MWRlM2M2NDk5MGIyZjBjYWQ5NTMwZTFjZjciLCJ1c2VyX2lkIjoxfQ.oa91acz-LWBsrxdBMnqb89A7gFz9xv21R7nE5rT33yc",
    "created_at": "2021-10-01T11:50:18.907Z",
    "expires_at": "2021-10-02T11:50:18Z"
  }
},
{
  "model": "token_blacklist.outstandingtoken",
  "pk": 10,
  "fields": {
    "user": [
      "admin@admin.com"
    ],
    "jti": "3339784fb67f42a39773baf7b708c10f",
    "token": "eyJ0eXAiOiJKV1QiLCJhbGciOiJIUzI1NiJ9.eyJ0b2tlbl90eXBlIjoicmVmcmVzaCIsImV4cCI6MTYzMzE3NTQzNywianRpIjoiMzMzOTc4NGZiNjdmNDJhMzk3NzNiYWY3YjcwOGMxMGYiLCJ1c2VyX2lkIjoxfQ.HWLDfuw--zM8p4jCqJpXCwBvK268wO-hrcigparPDPw",
    "created_at": "2021-10-01T11:50:37.018Z",
    "expires_at": "2021-10-02T11:50:37Z"
  }
},
{
  "model": "token_blacklist.outstandingtoken",
  "pk": 11,
  "fields": {
    "user": [
      "admin@admin.com"
    ],
    "jti": "969d942a6dc94fbfb9479260ce0fef03",
    "token": "eyJ0eXAiOiJKV1QiLCJhbGciOiJIUzI1NiJ9.eyJ0b2tlbl90eXBlIjoicmVmcmVzaCIsImV4cCI6MTYzMzE3NTQzNywianRpIjoiOTY5ZDk0MmE2ZGM5NGZiZmI5NDc5MjYwY2UwZmVmMDMiLCJ1c2VyX2lkIjoxfQ.kYgAM7rLRHP8KW78lGlbQjo0qYxVyFpNWk4r4lEx5oo",
    "created_at": "2021-10-01T11:50:37.035Z",
    "expires_at": "2021-10-02T11:50:37Z"
  }
},
{
  "model": "token_blacklist.outstandingtoken",
  "pk": 12,
  "fields": {
    "user": [
      "admin@admin.com"
    ],
    "jti": "6e52218bd87846758be6d6a606204286",
    "token": "eyJ0eXAiOiJKV1QiLCJhbGciOiJIUzI1NiJ9.eyJ0b2tlbl90eXBlIjoicmVmcmVzaCIsImV4cCI6MTYzMzE3NTQzNywianRpIjoiNmU1MjIxOGJkODc4NDY3NThiZTZkNmE2MDYyMDQyODYiLCJ1c2VyX2lkIjoxfQ.rQ4UrEcFJFbYkCrq-A8i0m2E5fVxXibnEfxMy--GAY8",
    "created_at": "2021-10-01T11:50:37.046Z",
    "expires_at": "2021-10-02T11:50:37Z"
  }
},
{
  "model": "token_blacklist.outstandingtoken",
  "pk": 13,
  "fields": {
    "user": [
      "admin@admin.com"
    ],
    "jti": "ebd3eafa752d4b85b7d91c46bf1b12d2",
    "token": "eyJ0eXAiOiJKV1QiLCJhbGciOiJIUzI1NiJ9.eyJ0b2tlbl90eXBlIjoicmVmcmVzaCIsImV4cCI6MTYzMzI0MDg4NSwianRpIjoiZWJkM2VhZmE3NTJkNGI4NWI3ZDkxYzQ2YmYxYjEyZDIiLCJ1c2VyX2lkIjoxfQ.Y6DLh9pCVm5S5rTX78vTSzka0DZamE3gHmPCOeAkGUE",
    "created_at": "2021-10-02T06:01:25.024Z",
    "expires_at": "2021-10-03T06:01:25Z"
  }
},
{
  "model": "token_blacklist.outstandingtoken",
  "pk": 14,
  "fields": {
    "user": [
      "admin@admin.com"
    ],
    "jti": "4662012b549f437d814a837dc135d1b4",
    "token": "eyJ0eXAiOiJKV1QiLCJhbGciOiJIUzI1NiJ9.eyJ0b2tlbl90eXBlIjoicmVmcmVzaCIsImV4cCI6MTYzMzI0MDg4NSwianRpIjoiNDY2MjAxMmI1NDlmNDM3ZDgxNGE4MzdkYzEzNWQxYjQiLCJ1c2VyX2lkIjoxfQ.iPnErRm8-fZYCuRpWNHOEMDLWdme24yLEX6VceyoS5g",
    "created_at": "2021-10-02T06:01:25.038Z",
    "expires_at": "2021-10-03T06:01:25Z"
  }
},
{
  "model": "token_blacklist.outstandingtoken",
  "pk": 15,
  "fields": {
    "user": [
      "admin@admin.com"
    ],
    "jti": "81defcd9b7044fb0a3155894ac2d564e",
    "token": "eyJ0eXAiOiJKV1QiLCJhbGciOiJIUzI1NiJ9.eyJ0b2tlbl90eXBlIjoicmVmcmVzaCIsImV4cCI6MTYzMzI0MDg4NSwianRpIjoiODFkZWZjZDliNzA0NGZiMGEzMTU1ODk0YWMyZDU2NGUiLCJ1c2VyX2lkIjoxfQ.4X2x--cDLM8Q8dBlJ9ESt7XWnV9TqIvU8ue2ImNnmVo",
    "created_at": "2021-10-02T06:01:25.050Z",
    "expires_at": "2021-10-03T06:01:25Z"
  }
},
{
  "model": "token_blacklist.outstandingtoken",
  "pk": 16,
  "fields": {
    "user": [
      "adawagepy@gmail.com"
    ],
    "jti": "b738225ae7b14b3cb51acba43af27993",
    "token": "eyJ0eXAiOiJKV1QiLCJhbGciOiJIUzI1NiJ9.eyJ0b2tlbl90eXBlIjoicmVmcmVzaCIsImV4cCI6MTYzMzI0MzQ2NywianRpIjoiYjczODIyNWFlN2IxNGIzY2I1MWFjYmE0M2FmMjc5OTMiLCJ1c2VyX2lkIjo1fQ.YQc-9z6ShP3zwIAcWCS2aMmpZqt5HS3ZvJGbsIPrjuQ",
    "created_at": "2021-10-02T06:44:27.861Z",
    "expires_at": "2021-10-03T06:44:27Z"
  }
},
{
  "model": "token_blacklist.outstandingtoken",
  "pk": 17,
  "fields": {
    "user": [
      "admin@admin.com"
    ],
    "jti": "09664bb9fe25472e945c354d0c78e4bf",
    "token": "eyJ0eXAiOiJKV1QiLCJhbGciOiJIUzI1NiJ9.eyJ0b2tlbl90eXBlIjoicmVmcmVzaCIsImV4cCI6MTYzMzM1MTk1MywianRpIjoiMDk2NjRiYjlmZTI1NDcyZTk0NWMzNTRkMGM3OGU0YmYiLCJ1c2VyX2lkIjoxfQ.UidqRKX0Z0c14bXunw68SMEnU56eINF7oBp-Ju6ujfQ",
    "created_at": "2021-10-03T12:52:33.747Z",
    "expires_at": "2021-10-04T12:52:33Z"
  }
},
{
  "model": "token_blacklist.outstandingtoken",
  "pk": 18,
  "fields": {
    "user": [
      "admin@admin.com"
    ],
    "jti": "081cadb7ec4047a8a8857e0de8861ab7",
    "token": "eyJ0eXAiOiJKV1QiLCJhbGciOiJIUzI1NiJ9.eyJ0b2tlbl90eXBlIjoicmVmcmVzaCIsImV4cCI6MTYzMzM1MTk1MywianRpIjoiMDgxY2FkYjdlYzQwNDdhOGE4ODU3ZTBkZTg4NjFhYjciLCJ1c2VyX2lkIjoxfQ.MkunJ6LTUSoGONq2ohYl5caxZHdc1MjRAWSSW1QpLVY",
    "created_at": "2021-10-03T12:52:33.763Z",
    "expires_at": "2021-10-04T12:52:33Z"
  }
},
{
  "model": "token_blacklist.outstandingtoken",
  "pk": 19,
  "fields": {
    "user": [
      "admin@admin.com"
    ],
    "jti": "d55c0730174c474c9119d9edf54561be",
    "token": "eyJ0eXAiOiJKV1QiLCJhbGciOiJIUzI1NiJ9.eyJ0b2tlbl90eXBlIjoicmVmcmVzaCIsImV4cCI6MTYzMzM1MTk1MywianRpIjoiZDU1YzA3MzAxNzRjNDc0YzkxMTlkOWVkZjU0NTYxYmUiLCJ1c2VyX2lkIjoxfQ.tmLEb-yaPbQ4JWf6kolC_tLUCC96CmzWSpyWfvZ3WVI",
    "created_at": "2021-10-03T12:52:33.779Z",
    "expires_at": "2021-10-04T12:52:33Z"
  }
},
{
  "model": "token_blacklist.outstandingtoken",
  "pk": 20,
  "fields": {
    "user": [
      "admin@admin.com"
    ],
    "jti": "7ea0a901267f4ab996f6f791c5042859",
    "token": "eyJ0eXAiOiJKV1QiLCJhbGciOiJIUzI1NiJ9.eyJ0b2tlbl90eXBlIjoicmVmcmVzaCIsImV4cCI6MTYzMzM1MjAwNCwianRpIjoiN2VhMGE5MDEyNjdmNGFiOTk2ZjZmNzkxYzUwNDI4NTkiLCJ1c2VyX2lkIjoxfQ.Fekb6Rspy6GLpz8pssEoLmu7bubmRxJttUphE0Fdwsw",
    "created_at": "2021-10-03T12:53:24.804Z",
    "expires_at": "2021-10-04T12:53:24Z"
  }
},
{
  "model": "token_blacklist.outstandingtoken",
  "pk": 21,
  "fields": {
    "user": [
      "admin@admin.com"
    ],
    "jti": "035d58d3cc0241a99364da9e0d6c1f85",
    "token": "eyJ0eXAiOiJKV1QiLCJhbGciOiJIUzI1NiJ9.eyJ0b2tlbl90eXBlIjoicmVmcmVzaCIsImV4cCI6MTYzMzM1MjAwNCwianRpIjoiMDM1ZDU4ZDNjYzAyNDFhOTkzNjRkYTllMGQ2YzFmODUiLCJ1c2VyX2lkIjoxfQ.mRcjcjmg3KY4d7Y90IXzY0P0cHzQv1MSp8BJnY_Fjs0",
    "created_at": "2021-10-03T12:53:24.820Z",
    "expires_at": "2021-10-04T12:53:24Z"
  }
},
{
  "model": "token_blacklist.outstandingtoken",
  "pk": 22,
  "fields": {
    "user": [
      "admin@admin.com"
    ],
    "jti": "5362ceca8ee047c59332f73f68b1ec0c",
    "token": "eyJ0eXAiOiJKV1QiLCJhbGciOiJIUzI1NiJ9.eyJ0b2tlbl90eXBlIjoicmVmcmVzaCIsImV4cCI6MTYzMzM1MjAwNCwianRpIjoiNTM2MmNlY2E4ZWUwNDdjNTkzMzJmNzNmNjhiMWVjMGMiLCJ1c2VyX2lkIjoxfQ.71KfWvLBrp439WTyzjj2QjtywCVLpdt3BF1IyrzLa7g",
    "created_at": "2021-10-03T12:53:24.836Z",
    "expires_at": "2021-10-04T12:53:24Z"
  }
},
{
  "model": "token_blacklist.outstandingtoken",
  "pk": 23,
  "fields": {
    "user": [
      "admin@admin.com"
    ],
    "jti": "5fd22a30563646ad9044d784bc037fbb",
    "token": "eyJ0eXAiOiJKV1QiLCJhbGciOiJIUzI1NiJ9.eyJ0b2tlbl90eXBlIjoicmVmcmVzaCIsImV4cCI6MTYzMzM1MjA2NCwianRpIjoiNWZkMjJhMzA1NjM2NDZhZDkwNDRkNzg0YmMwMzdmYmIiLCJ1c2VyX2lkIjoxfQ.ib9ETCX-eGzwLYyhzV-_CDCzAB0tgC7_7guRkHWvN5s",
    "created_at": "2021-10-03T12:54:24.743Z",
    "expires_at": "2021-10-04T12:54:24Z"
  }
},
{
  "model": "token_blacklist.outstandingtoken",
  "pk": 24,
  "fields": {
    "user": [
      "admin@admin.com"
    ],
    "jti": "c01b2de5990a4fb58731a8052888542f",
    "token": "eyJ0eXAiOiJKV1QiLCJhbGciOiJIUzI1NiJ9.eyJ0b2tlbl90eXBlIjoicmVmcmVzaCIsImV4cCI6MTYzMzM1MjA2NCwianRpIjoiYzAxYjJkZTU5OTBhNGZiNTg3MzFhODA1Mjg4ODU0MmYiLCJ1c2VyX2lkIjoxfQ.qxmZ21UfwyPxGhIwL7AYj7k8DzjEuOtPVK4Yf57rFDQ",
    "created_at": "2021-10-03T12:54:24.759Z",
    "expires_at": "2021-10-04T12:54:24Z"
  }
},
{
  "model": "token_blacklist.outstandingtoken",
  "pk": 25,
  "fields": {
    "user": [
      "admin@admin.com"
    ],
    "jti": "16be1720175345eeb45cc45ab7ea431c",
    "token": "eyJ0eXAiOiJKV1QiLCJhbGciOiJIUzI1NiJ9.eyJ0b2tlbl90eXBlIjoicmVmcmVzaCIsImV4cCI6MTYzMzM1MjA2NCwianRpIjoiMTZiZTE3MjAxNzUzNDVlZWI0NWNjNDVhYjdlYTQzMWMiLCJ1c2VyX2lkIjoxfQ.wzzO4bgGGTFTgETuXJCWjmsmHpzw360fXxs10nObtas",
    "created_at": "2021-10-03T12:54:24.774Z",
    "expires_at": "2021-10-04T12:54:24Z"
  }
},
{
  "model": "token_blacklist.outstandingtoken",
  "pk": 26,
  "fields": {
    "user": [
      "admin@admin.com"
    ],
    "jti": "a0fc50ea9a24460692a73f5b528994ee",
    "token": "eyJ0eXAiOiJKV1QiLCJhbGciOiJIUzI1NiJ9.eyJ0b2tlbl90eXBlIjoicmVmcmVzaCIsImV4cCI6MTYzMzM1MjExNSwianRpIjoiYTBmYzUwZWE5YTI0NDYwNjkyYTczZjViNTI4OTk0ZWUiLCJ1c2VyX2lkIjoxfQ.fd0bGHU1BbYp2cvrwa7BNOIRRRzQa5rgVACN9OVPaDc",
    "created_at": "2021-10-03T12:55:15.681Z",
    "expires_at": "2021-10-04T12:55:15Z"
  }
},
{
  "model": "token_blacklist.outstandingtoken",
  "pk": 27,
  "fields": {
    "user": [
      "admin@admin.com"
    ],
    "jti": "4bb0904e33754332aa840b2e93f10f8f",
    "token": "eyJ0eXAiOiJKV1QiLCJhbGciOiJIUzI1NiJ9.eyJ0b2tlbl90eXBlIjoicmVmcmVzaCIsImV4cCI6MTYzMzM1MjExNSwianRpIjoiNGJiMDkwNGUzMzc1NDMzMmFhODQwYjJlOTNmMTBmOGYiLCJ1c2VyX2lkIjoxfQ.b_K-mHHaQvsqxMVlc0gpkMEFco6ooz8y-gMXFdovvVU",
    "created_at": "2021-10-03T12:55:15.712Z",
    "expires_at": "2021-10-04T12:55:15Z"
  }
},
{
  "model": "token_blacklist.outstandingtoken",
  "pk": 28,
  "fields": {
    "user": [
      "admin@admin.com"
    ],
    "jti": "99ea3b755fb049c4b5b9e88850d35ffe",
    "token": "eyJ0eXAiOiJKV1QiLCJhbGciOiJIUzI1NiJ9.eyJ0b2tlbl90eXBlIjoicmVmcmVzaCIsImV4cCI6MTYzMzM1MjExNSwianRpIjoiOTllYTNiNzU1ZmIwNDljNGI1YjllODg4NTBkMzVmZmUiLCJ1c2VyX2lkIjoxfQ.gXFrkkJ69Tvbciyf9Rv-_eDbeeOipdC0UTydKi-45sY",
    "created_at": "2021-10-03T12:55:15.712Z",
    "expires_at": "2021-10-04T12:55:15Z"
  }
},
{
  "model": "token_blacklist.outstandingtoken",
  "pk": 29,
  "fields": {
    "user": [
      "admin@admin.com"
    ],
    "jti": "3a12d545ce9b4896925b4339cebb0329",
    "token": "eyJ0eXAiOiJKV1QiLCJhbGciOiJIUzI1NiJ9.eyJ0b2tlbl90eXBlIjoicmVmcmVzaCIsImV4cCI6MTYzMzM1NDUxOCwianRpIjoiM2ExMmQ1NDVjZTliNDg5NjkyNWI0MzM5Y2ViYjAzMjkiLCJ1c2VyX2lkIjoxfQ.T9PELiGqcLJ5m4hETEhHM_gfaqCAOF2TEV6OgpRYRcc",
    "created_at": "2021-10-03T13:35:18.769Z",
    "expires_at": "2021-10-04T13:35:18Z"
  }
},
{
  "model": "token_blacklist.outstandingtoken",
  "pk": 30,
  "fields": {
    "user": [
      "admin@admin.com"
    ],
    "jti": "00da0622b2c64c45815ad5a2092e61b8",
    "token": "eyJ0eXAiOiJKV1QiLCJhbGciOiJIUzI1NiJ9.eyJ0b2tlbl90eXBlIjoicmVmcmVzaCIsImV4cCI6MTYzMzM1NDUxOCwianRpIjoiMDBkYTA2MjJiMmM2NGM0NTgxNWFkNWEyMDkyZTYxYjgiLCJ1c2VyX2lkIjoxfQ.lXK8NvpcNHGDIZGBZKNVfE58lEWC1cVTarah2Y02vLc",
    "created_at": "2021-10-03T13:35:18.786Z",
    "expires_at": "2021-10-04T13:35:18Z"
  }
},
{
  "model": "token_blacklist.outstandingtoken",
  "pk": 31,
  "fields": {
    "user": [
      "admin@admin.com"
    ],
    "jti": "e6adcd6ca15e4abe826b03a5caadb3ab",
    "token": "eyJ0eXAiOiJKV1QiLCJhbGciOiJIUzI1NiJ9.eyJ0b2tlbl90eXBlIjoicmVmcmVzaCIsImV4cCI6MTYzMzM1NDUxOCwianRpIjoiZTZhZGNkNmNhMTVlNGFiZTgyNmIwM2E1Y2FhZGIzYWIiLCJ1c2VyX2lkIjoxfQ.1cH3_hC9QiA7m09SytuzTORkMHF8SWcLGE8vllQWb-c",
    "created_at": "2021-10-03T13:35:18.796Z",
    "expires_at": "2021-10-04T13:35:18Z"
  }
},
{
  "model": "token_blacklist.outstandingtoken",
  "pk": 32,
  "fields": {
    "user": [
      "admin@admin.com"
    ],
    "jti": "63038c1fa961459cad1c7db1667618f0",
    "token": "eyJ0eXAiOiJKV1QiLCJhbGciOiJIUzI1NiJ9.eyJ0b2tlbl90eXBlIjoicmVmcmVzaCIsImV4cCI6MTYzMzQwOTIyNSwianRpIjoiNjMwMzhjMWZhOTYxNDU5Y2FkMWM3ZGIxNjY3NjE4ZjAiLCJ1c2VyX2lkIjoxfQ.TRAKFS-Kvs-sTOfcvbvyuncvzL5xJbaWwsvcWiuWrSs",
    "created_at": "2021-10-04T04:47:05.816Z",
    "expires_at": "2021-10-05T04:47:05Z"
  }
},
{
  "model": "token_blacklist.outstandingtoken",
  "pk": 33,
  "fields": {
    "user": [
      "admin@admin.com"
    ],
    "jti": "f15411a1602c4697b75cbb811311bf80",
    "token": "eyJ0eXAiOiJKV1QiLCJhbGciOiJIUzI1NiJ9.eyJ0b2tlbl90eXBlIjoicmVmcmVzaCIsImV4cCI6MTYzMzQwOTIyNSwianRpIjoiZjE1NDExYTE2MDJjNDY5N2I3NWNiYjgxMTMxMWJmODAiLCJ1c2VyX2lkIjoxfQ.n8tjTwWqkta13fY7fNc1BwK0BJwG_pxbxNiQ1PDdo28",
    "created_at": "2021-10-04T04:47:05.838Z",
    "expires_at": "2021-10-05T04:47:05Z"
  }
},
{
  "model": "token_blacklist.outstandingtoken",
  "pk": 34,
  "fields": {
    "user": [
      "admin@admin.com"
    ],
    "jti": "f35d43d190e943a6be7f4b858e076ff2",
    "token": "eyJ0eXAiOiJKV1QiLCJhbGciOiJIUzI1NiJ9.eyJ0b2tlbl90eXBlIjoicmVmcmVzaCIsImV4cCI6MTYzMzQwOTIyNSwianRpIjoiZjM1ZDQzZDE5MGU5NDNhNmJlN2Y0Yjg1OGUwNzZmZjIiLCJ1c2VyX2lkIjoxfQ._e4Lvh8C-W6W7JVfpaNTJkJnTYYh8MjsSbiQOxgkxJI",
    "created_at": "2021-10-04T04:47:05.851Z",
    "expires_at": "2021-10-05T04:47:05Z"
  }
},
{
  "model": "token_blacklist.outstandingtoken",
  "pk": 35,
  "fields": {
    "user": [
      "admin@admin.com"
    ],
    "jti": "f9274d2733df4de181056e9f5e5feab2",
    "token": "eyJ0eXAiOiJKV1QiLCJhbGciOiJIUzI1NiJ9.eyJ0b2tlbl90eXBlIjoicmVmcmVzaCIsImV4cCI6MTYzMzQyNjM2OSwianRpIjoiZjkyNzRkMjczM2RmNGRlMTgxMDU2ZTlmNWU1ZmVhYjIiLCJ1c2VyX2lkIjoxfQ.dJLLcSRUpO8q9ofGBf9Em9gRetEUS4tExd070IUH_nk",
    "created_at": "2021-10-04T09:32:49.864Z",
    "expires_at": "2021-10-05T09:32:49Z"
  }
},
{
  "model": "token_blacklist.outstandingtoken",
  "pk": 36,
  "fields": {
    "user": [
      "admin@admin.com"
    ],
    "jti": "4c0552e36db946e7a990881a18b7fc92",
    "token": "eyJ0eXAiOiJKV1QiLCJhbGciOiJIUzI1NiJ9.eyJ0b2tlbl90eXBlIjoicmVmcmVzaCIsImV4cCI6MTYzMzQyNjM2OSwianRpIjoiNGMwNTUyZTM2ZGI5NDZlN2E5OTA4ODFhMThiN2ZjOTIiLCJ1c2VyX2lkIjoxfQ.efcnvc1r9LNuOCCKtxHOaIX7sJUwmmKDWKdrHYpw1xE",
    "created_at": "2021-10-04T09:32:49.877Z",
    "expires_at": "2021-10-05T09:32:49Z"
  }
},
{
  "model": "token_blacklist.outstandingtoken",
  "pk": 37,
  "fields": {
    "user": [
      "admin@admin.com"
    ],
    "jti": "cfb2671df3d94c0b8dc622af81c22507",
    "token": "eyJ0eXAiOiJKV1QiLCJhbGciOiJIUzI1NiJ9.eyJ0b2tlbl90eXBlIjoicmVmcmVzaCIsImV4cCI6MTYzMzQyNjM2OSwianRpIjoiY2ZiMjY3MWRmM2Q5NGMwYjhkYzYyMmFmODFjMjI1MDciLCJ1c2VyX2lkIjoxfQ.Hzt1rHRsO994QlubObdLE6wFdd3tbNxOcFLNLtAVxtA",
    "created_at": "2021-10-04T09:32:49.886Z",
    "expires_at": "2021-10-05T09:32:49Z"
  }
},
{
  "model": "token_blacklist.outstandingtoken",
  "pk": 38,
  "fields": {
    "user": [
      "admin@admin.com"
    ],
    "jti": "bf80f872aa3348ae93c429e91c25b0d6",
    "token": "eyJ0eXAiOiJKV1QiLCJhbGciOiJIUzI1NiJ9.eyJ0b2tlbl90eXBlIjoicmVmcmVzaCIsImV4cCI6MTYzMzc2Njg3NiwianRpIjoiYmY4MGY4NzJhYTMzNDhhZTkzYzQyOWU5MWMyNWIwZDYiLCJ1c2VyX2lkIjoxfQ.kFMahJuG5IYAxKhFx29THHtlR3nBXW30dMDF4rLGWeM",
    "created_at": "2021-10-08T08:07:56.225Z",
    "expires_at": "2021-10-09T08:07:56Z"
  }
},
{
  "model": "token_blacklist.outstandingtoken",
  "pk": 39,
  "fields": {
    "user": [
      "admin@admin.com"
    ],
    "jti": "003609e95e664192a75e8d9ec4ee29b3",
    "token": "eyJ0eXAiOiJKV1QiLCJhbGciOiJIUzI1NiJ9.eyJ0b2tlbl90eXBlIjoicmVmcmVzaCIsImV4cCI6MTYzMzc2Njg3NiwianRpIjoiMDAzNjA5ZTk1ZTY2NDE5MmE3NWU4ZDllYzRlZTI5YjMiLCJ1c2VyX2lkIjoxfQ.JZhuqDBwlR7MdhiSxIsMJR-oY4WLrdDg7FY4qPHkecc",
    "created_at": "2021-10-08T08:07:56.244Z",
    "expires_at": "2021-10-09T08:07:56Z"
  }
},
{
  "model": "token_blacklist.outstandingtoken",
  "pk": 40,
  "fields": {
    "user": [
      "admin@admin.com"
    ],
    "jti": "eb34c52a29a140698ea00e59dbb5037a",
    "token": "eyJ0eXAiOiJKV1QiLCJhbGciOiJIUzI1NiJ9.eyJ0b2tlbl90eXBlIjoicmVmcmVzaCIsImV4cCI6MTYzMzc2Njg3NiwianRpIjoiZWIzNGM1MmEyOWExNDA2OThlYTAwZTU5ZGJiNTAzN2EiLCJ1c2VyX2lkIjoxfQ.xY3QkSywkNizzKYITU-BxXHBhR_A1j1hqDCXdPL-mpk",
    "created_at": "2021-10-08T08:07:56.255Z",
    "expires_at": "2021-10-09T08:07:56Z"
  }
},
{
  "model": "token_blacklist.outstandingtoken",
  "pk": 41,
  "fields": {
    "user": [
      "admin@admin.com"
    ],
    "jti": "69e46f8128c742c7b9256304b4d521a8",
    "token": "eyJ0eXAiOiJKV1QiLCJhbGciOiJIUzI1NiJ9.eyJ0b2tlbl90eXBlIjoicmVmcmVzaCIsImV4cCI6MTYzMzc2ODg5NCwianRpIjoiNjllNDZmODEyOGM3NDJjN2I5MjU2MzA0YjRkNTIxYTgiLCJ1c2VyX2lkIjoxfQ.VWmune1y54h_5j_btuFE6fhK5dYjR1s6SEBDLfYKjto",
    "created_at": "2021-10-08T08:41:34.393Z",
    "expires_at": "2021-10-09T08:41:34Z"
  }
},
{
  "model": "token_blacklist.outstandingtoken",
  "pk": 42,
  "fields": {
    "user": [
      "admin@admin.com"
    ],
    "jti": "ec2e567b9062466e8dd18d5142987890",
    "token": "eyJ0eXAiOiJKV1QiLCJhbGciOiJIUzI1NiJ9.eyJ0b2tlbl90eXBlIjoicmVmcmVzaCIsImV4cCI6MTYzMzc2ODg5NCwianRpIjoiZWMyZTU2N2I5MDYyNDY2ZThkZDE4ZDUxNDI5ODc4OTAiLCJ1c2VyX2lkIjoxfQ.2UNRdZmmsaqXj2tndTMgZ_lP_Rsxk-Sw6ztFuzVpjqU",
    "created_at": "2021-10-08T08:41:34.411Z",
    "expires_at": "2021-10-09T08:41:34Z"
  }
},
{
  "model": "token_blacklist.outstandingtoken",
  "pk": 43,
  "fields": {
    "user": [
      "admin@admin.com"
    ],
    "jti": "3ec0c1e9ca5849b2a098818adaad4a4a",
    "token": "eyJ0eXAiOiJKV1QiLCJhbGciOiJIUzI1NiJ9.eyJ0b2tlbl90eXBlIjoicmVmcmVzaCIsImV4cCI6MTYzMzc2ODg5NCwianRpIjoiM2VjMGMxZTljYTU4NDliMmEwOTg4MThhZGFhZDRhNGEiLCJ1c2VyX2lkIjoxfQ.AqOdmZJLXgOgA_K97wc2P_0AMhX-5ZzGLZcOk0PJedE",
    "created_at": "2021-10-08T08:41:34.422Z",
    "expires_at": "2021-10-09T08:41:34Z"
  }
},
{
  "model": "token_blacklist.outstandingtoken",
  "pk": 44,
  "fields": {
    "user": [
      "admin@admin.com"
    ],
    "jti": "dd70b446be5648c4b9ef20f5eaec0c55",
    "token": "eyJ0eXAiOiJKV1QiLCJhbGciOiJIUzI1NiJ9.eyJ0b2tlbl90eXBlIjoicmVmcmVzaCIsImV4cCI6MTYzMzc3MDM0NiwianRpIjoiZGQ3MGI0NDZiZTU2NDhjNGI5ZWYyMGY1ZWFlYzBjNTUiLCJ1c2VyX2lkIjoxfQ.TaKkl_8KFoCHHW3fpaYXXbI13hOaO-YXwaKJIiers0k",
    "created_at": "2021-10-08T09:05:46.881Z",
    "expires_at": "2021-10-09T09:05:46Z"
  }
},
{
  "model": "token_blacklist.outstandingtoken",
  "pk": 45,
  "fields": {
    "user": [
      "admin@admin.com"
    ],
    "jti": "5202d3e86e904c8687040d67ac676b72",
    "token": "eyJ0eXAiOiJKV1QiLCJhbGciOiJIUzI1NiJ9.eyJ0b2tlbl90eXBlIjoicmVmcmVzaCIsImV4cCI6MTYzMzc3MDM0NiwianRpIjoiNTIwMmQzZTg2ZTkwNGM4Njg3MDQwZDY3YWM2NzZiNzIiLCJ1c2VyX2lkIjoxfQ.N56Q7m-WhpsTHeWpY3dG6f5oRJK-YmBWPELP71kk2l0",
    "created_at": "2021-10-08T09:05:46.901Z",
    "expires_at": "2021-10-09T09:05:46Z"
  }
},
{
  "model": "token_blacklist.outstandingtoken",
  "pk": 46,
  "fields": {
    "user": [
      "admin@admin.com"
    ],
    "jti": "736343bf183e49daa874ff137219ecb4",
    "token": "eyJ0eXAiOiJKV1QiLCJhbGciOiJIUzI1NiJ9.eyJ0b2tlbl90eXBlIjoicmVmcmVzaCIsImV4cCI6MTYzMzc3MDM0NiwianRpIjoiNzM2MzQzYmYxODNlNDlkYWE4NzRmZjEzNzIxOWVjYjQiLCJ1c2VyX2lkIjoxfQ._leZYrFvt9CPdcyQ2fwJ5LHgIsCVsILvWoLUeAGChqI",
    "created_at": "2021-10-08T09:05:46.913Z",
    "expires_at": "2021-10-09T09:05:46Z"
  }
},
{
  "model": "token_blacklist.outstandingtoken",
  "pk": 47,
  "fields": {
    "user": [
      "admin@admin.com"
    ],
    "jti": "33ee5ec60bf44f39a0f7d9987c8766f8",
    "token": "eyJ0eXAiOiJKV1QiLCJhbGciOiJIUzI1NiJ9.eyJ0b2tlbl90eXBlIjoicmVmcmVzaCIsImV4cCI6MTYzMzc3MTQ4NSwianRpIjoiMzNlZTVlYzYwYmY0NGYzOWEwZjdkOTk4N2M4NzY2ZjgiLCJ1c2VyX2lkIjoxfQ.e89Fmy_AJJr3MaYaQn5_jkuibDQCYF2dQ6qxsGMAD_o",
    "created_at": "2021-10-08T09:24:45.167Z",
    "expires_at": "2021-10-09T09:24:45Z"
  }
},
{
  "model": "token_blacklist.outstandingtoken",
  "pk": 48,
  "fields": {
    "user": [
      "admin@admin.com"
    ],
    "jti": "b6a1b2cd153d4e6988f87591c2c435a5",
    "token": "eyJ0eXAiOiJKV1QiLCJhbGciOiJIUzI1NiJ9.eyJ0b2tlbl90eXBlIjoicmVmcmVzaCIsImV4cCI6MTYzMzc3MTQ4NSwianRpIjoiYjZhMWIyY2QxNTNkNGU2OTg4Zjg3NTkxYzJjNDM1YTUiLCJ1c2VyX2lkIjoxfQ.4EDHa2w0_BDCXyAoH3c35IZqYiHFCKqVHLDe-EcHJAg",
    "created_at": "2021-10-08T09:24:45.194Z",
    "expires_at": "2021-10-09T09:24:45Z"
  }
},
{
  "model": "token_blacklist.outstandingtoken",
  "pk": 49,
  "fields": {
    "user": [
      "admin@admin.com"
    ],
    "jti": "cdab7575eb674663934cef925f57a18e",
    "token": "eyJ0eXAiOiJKV1QiLCJhbGciOiJIUzI1NiJ9.eyJ0b2tlbl90eXBlIjoicmVmcmVzaCIsImV4cCI6MTYzMzc3MTQ4NSwianRpIjoiY2RhYjc1NzVlYjY3NDY2MzkzNGNlZjkyNWY1N2ExOGUiLCJ1c2VyX2lkIjoxfQ.hu09WCHxbxB1mdnNSR9s6zFjMufAZvzSTbNKGbrg9cw",
    "created_at": "2021-10-08T09:24:45.206Z",
    "expires_at": "2021-10-09T09:24:45Z"
  }
},
{
  "model": "token_blacklist.outstandingtoken",
  "pk": 50,
  "fields": {
    "user": [
      "admin@admin.com"
    ],
    "jti": "04efc86f61e5469a8d66088580a7b34a",
    "token": "eyJ0eXAiOiJKV1QiLCJhbGciOiJIUzI1NiJ9.eyJ0b2tlbl90eXBlIjoicmVmcmVzaCIsImV4cCI6MTYzMzc3MTU1OCwianRpIjoiMDRlZmM4NmY2MWU1NDY5YThkNjYwODg1ODBhN2IzNGEiLCJ1c2VyX2lkIjoxfQ.0dghhbf8hV8blOXLNrII83BrhEhZyj1Jon7e9kx8Fkk",
    "created_at": "2021-10-08T09:25:58.927Z",
    "expires_at": "2021-10-09T09:25:58Z"
  }
},
{
  "model": "token_blacklist.outstandingtoken",
  "pk": 51,
  "fields": {
    "user": [
      "admin@admin.com"
    ],
    "jti": "293dd67a85bf48d987ff8ca7b36d9069",
    "token": "eyJ0eXAiOiJKV1QiLCJhbGciOiJIUzI1NiJ9.eyJ0b2tlbl90eXBlIjoicmVmcmVzaCIsImV4cCI6MTYzMzc3MTU1OCwianRpIjoiMjkzZGQ2N2E4NWJmNDhkOTg3ZmY4Y2E3YjM2ZDkwNjkiLCJ1c2VyX2lkIjoxfQ.FfwlqDeDrcdClpTJHDStliFZO_u_mVU5fvu6aBN-gg4",
    "created_at": "2021-10-08T09:25:58.946Z",
    "expires_at": "2021-10-09T09:25:58Z"
  }
},
{
  "model": "token_blacklist.outstandingtoken",
  "pk": 52,
  "fields": {
    "user": [
      "admin@admin.com"
    ],
    "jti": "0e086b84b7094edd911d5a30c5065d0e",
    "token": "eyJ0eXAiOiJKV1QiLCJhbGciOiJIUzI1NiJ9.eyJ0b2tlbl90eXBlIjoicmVmcmVzaCIsImV4cCI6MTYzMzc3MTU1OCwianRpIjoiMGUwODZiODRiNzA5NGVkZDkxMWQ1YTMwYzUwNjVkMGUiLCJ1c2VyX2lkIjoxfQ.SKXcXZlvjo5ocEgF1gjvp4cNDYRCP_eEINORLPb6CR0",
    "created_at": "2021-10-08T09:25:58.956Z",
    "expires_at": "2021-10-09T09:25:58Z"
  }
},
{
  "model": "token_blacklist.outstandingtoken",
  "pk": 53,
  "fields": {
    "user": [
      "admin@admin.com"
    ],
    "jti": "695013a16310442fa9e51dfd2b73a96f",
    "token": "eyJ0eXAiOiJKV1QiLCJhbGciOiJIUzI1NiJ9.eyJ0b2tlbl90eXBlIjoicmVmcmVzaCIsImV4cCI6MTYzMzc3Mjk3MSwianRpIjoiNjk1MDEzYTE2MzEwNDQyZmE5ZTUxZGZkMmI3M2E5NmYiLCJ1c2VyX2lkIjoxfQ.jmIGgcEjrHIWR11MkWLOUITwkP-Tg6He0v4wMx_J7E4",
    "created_at": "2021-10-08T09:49:31.979Z",
    "expires_at": "2021-10-09T09:49:31Z"
  }
},
{
  "model": "token_blacklist.outstandingtoken",
  "pk": 54,
  "fields": {
    "user": [
      "admin@admin.com"
    ],
    "jti": "d9618a015713430fb9f9beffa2de51b1",
    "token": "eyJ0eXAiOiJKV1QiLCJhbGciOiJIUzI1NiJ9.eyJ0b2tlbl90eXBlIjoicmVmcmVzaCIsImV4cCI6MTYzMzc3Mjk3MSwianRpIjoiZDk2MThhMDE1NzEzNDMwZmI5ZjliZWZmYTJkZTUxYjEiLCJ1c2VyX2lkIjoxfQ.VPNbtwUyyX7hheLgTGS3F7XlzNQotMw3uvcUCujhY24",
    "created_at": "2021-10-08T09:49:31.995Z",
    "expires_at": "2021-10-09T09:49:31Z"
  }
},
{
  "model": "token_blacklist.outstandingtoken",
  "pk": 55,
  "fields": {
    "user": [
      "admin@admin.com"
    ],
    "jti": "51cefcab11b849f385b283b30734646b",
    "token": "eyJ0eXAiOiJKV1QiLCJhbGciOiJIUzI1NiJ9.eyJ0b2tlbl90eXBlIjoicmVmcmVzaCIsImV4cCI6MTYzMzc3Mjk3MiwianRpIjoiNTFjZWZjYWIxMWI4NDlmMzg1YjI4M2IzMDczNDY0NmIiLCJ1c2VyX2lkIjoxfQ.tuVoxV05B17Gpj-XXaTbKuSj8X8j_YcihAd6pjha0eo",
    "created_at": "2021-10-08T09:49:32.014Z",
    "expires_at": "2021-10-09T09:49:32Z"
  }
},
{
  "model": "token_blacklist.outstandingtoken",
  "pk": 56,
  "fields": {
    "user": [
      "admin@admin.com"
    ],
    "jti": "29f72f77027e4c5a9f25567036e6b21d",
    "token": "eyJ0eXAiOiJKV1QiLCJhbGciOiJIUzI1NiJ9.eyJ0b2tlbl90eXBlIjoicmVmcmVzaCIsImV4cCI6MTYzMzg2MDUwMSwianRpIjoiMjlmNzJmNzcwMjdlNGM1YTlmMjU1NjcwMzZlNmIyMWQiLCJ1c2VyX2lkIjoxfQ.dEJlnAnvC11UjxNXqpCsmmXwwaebaTD2RHT2iAY-bLk",
    "created_at": "2021-10-08T10:08:21.430Z",
    "expires_at": "2021-10-10T10:08:21Z"
  }
},
{
  "model": "token_blacklist.outstandingtoken",
  "pk": 57,
  "fields": {
    "user": [
      "admin@admin.com"
    ],
    "jti": "c4e3799b3b5c4b5ba10ac674d4ca3305",
    "token": "eyJ0eXAiOiJKV1QiLCJhbGciOiJIUzI1NiJ9.eyJ0b2tlbl90eXBlIjoicmVmcmVzaCIsImV4cCI6MTYzMzg2MDUwMSwianRpIjoiYzRlMzc5OWIzYjVjNGI1YmExMGFjNjc0ZDRjYTMzMDUiLCJ1c2VyX2lkIjoxfQ.SF9bsjPSZedUlRzIhtVIdCPJalAChq9fT1VndHQ9qRo",
    "created_at": "2021-10-08T10:08:21.450Z",
    "expires_at": "2021-10-10T10:08:21Z"
  }
},
{
  "model": "token_blacklist.outstandingtoken",
  "pk": 58,
  "fields": {
    "user": [
      "admin@admin.com"
    ],
    "jti": "144b21b1a084471f943886d1c8b0e59b",
    "token": "eyJ0eXAiOiJKV1QiLCJhbGciOiJIUzI1NiJ9.eyJ0b2tlbl90eXBlIjoicmVmcmVzaCIsImV4cCI6MTYzMzg2MDUwMSwianRpIjoiMTQ0YjIxYjFhMDg0NDcxZjk0Mzg4NmQxYzhiMGU1OWIiLCJ1c2VyX2lkIjoxfQ.tPS_WVaOjDlrKM02ScLdLBo97h7wDobYZ3NirGEHVg8",
    "created_at": "2021-10-08T10:08:21.463Z",
    "expires_at": "2021-10-10T10:08:21Z"
  }
},
{
  "model": "token_blacklist.outstandingtoken",
  "pk": 59,
  "fields": {
    "user": [
      "admin@admin.com"
    ],
    "jti": "3dbf351c48b741d9a619ad3ea8b8c8c6",
    "token": "eyJ0eXAiOiJKV1QiLCJhbGciOiJIUzI1NiJ9.eyJ0b2tlbl90eXBlIjoicmVmcmVzaCIsImV4cCI6MTYzMzY4ODIxOCwianRpIjoiM2RiZjM1MWM0OGI3NDFkOWE2MTlhZDNlYThiOGM4YzYiLCJ1c2VyX2lkIjoxfQ.C6JwBSwSLK0ECTUTRFc8ScKszKVDalt7qwYosltJwdU",
    "created_at": "2021-10-08T10:14:58.513Z",
    "expires_at": "2021-10-08T10:16:58Z"
  }
},
{
  "model": "token_blacklist.outstandingtoken",
  "pk": 60,
  "fields": {
    "user": [
      "admin@admin.com"
    ],
    "jti": "8fcbcadcde5241e28235b3af50681672",
    "token": "eyJ0eXAiOiJKV1QiLCJhbGciOiJIUzI1NiJ9.eyJ0b2tlbl90eXBlIjoicmVmcmVzaCIsImV4cCI6MTYzMzY4ODIxOCwianRpIjoiOGZjYmNhZGNkZTUyNDFlMjgyMzViM2FmNTA2ODE2NzIiLCJ1c2VyX2lkIjoxfQ.O9ExXiHNmulb5S4WXEQrEZm-m5ocG2XS6mPNza6nt_c",
    "created_at": "2021-10-08T10:14:58.546Z",
    "expires_at": "2021-10-08T10:16:58Z"
  }
},
{
  "model": "token_blacklist.outstandingtoken",
  "pk": 61,
  "fields": {
    "user": [
      "admin@admin.com"
    ],
    "jti": "9097027092bb4d939bff9c2639e4d858",
    "token": "eyJ0eXAiOiJKV1QiLCJhbGciOiJIUzI1NiJ9.eyJ0b2tlbl90eXBlIjoicmVmcmVzaCIsImV4cCI6MTYzMzY4ODIxOCwianRpIjoiOTA5NzAyNzA5MmJiNGQ5MzliZmY5YzI2MzllNGQ4NTgiLCJ1c2VyX2lkIjoxfQ.WfGhjQe-QywAnTUkbBSHgpJvBlNl9JuX6xLgM4YqIFQ",
    "created_at": "2021-10-08T10:14:58.560Z",
    "expires_at": "2021-10-08T10:16:58Z"
  }
},
{
  "model": "admin.logentry",
  "pk": 1,
  "fields": {
    "action_time": "2021-10-01T04:56:24.413Z",
    "user": [
      "admin@admin.com"
    ],
    "content_type": [
      "authentication",
      "permission"
    ],
    "object_id": "1",
    "object_repr": "list-user",
    "action_flag": 1,
    "change_message": "[{\"added\": {}}]"
  }
},
{
  "model": "admin.logentry",
  "pk": 2,
  "fields": {
    "action_time": "2021-10-01T04:56:43.307Z",
    "user": [
      "admin@admin.com"
    ],
    "content_type": [
      "authentication",
      "permission"
    ],
    "object_id": "1",
    "object_repr": "create-user",
    "action_flag": 2,
    "change_message": "[{\"changed\": {\"fields\": [\"Title\", \"Description\"]}}]"
  }
},
{
  "model": "admin.logentry",
  "pk": 3,
  "fields": {
    "action_time": "2021-10-01T04:57:13.547Z",
    "user": [
      "admin@admin.com"
    ],
    "content_type": [
      "authentication",
      "permission"
    ],
    "object_id": "2",
    "object_repr": "list-user",
    "action_flag": 1,
    "change_message": "[{\"added\": {}}]"
  }
},
{
  "model": "admin.logentry",
  "pk": 4,
  "fields": {
    "action_time": "2021-10-01T04:57:30.903Z",
    "user": [
      "admin@admin.com"
    ],
    "content_type": [
      "authentication",
      "permission"
    ],
    "object_id": "3",
    "object_repr": "retrieve-user",
    "action_flag": 1,
    "change_message": "[{\"added\": {}}]"
  }
},
{
  "model": "admin.logentry",
  "pk": 5,
  "fields": {
    "action_time": "2021-10-01T04:57:43.089Z",
    "user": [
      "admin@admin.com"
    ],
    "content_type": [
      "authentication",
      "permission"
    ],
    "object_id": "4",
    "object_repr": "update-user",
    "action_flag": 1,
    "change_message": "[{\"added\": {}}]"
  }
},
{
  "model": "admin.logentry",
  "pk": 6,
  "fields": {
    "action_time": "2021-10-01T04:58:01.491Z",
    "user": [
      "admin@admin.com"
    ],
    "content_type": [
      "authentication",
      "permission"
    ],
    "object_id": "5",
    "object_repr": "destroy-user",
    "action_flag": 1,
    "change_message": "[{\"added\": {}}]"
  }
},
{
  "model": "admin.logentry",
  "pk": 7,
  "fields": {
    "action_time": "2021-10-01T04:58:50.861Z",
    "user": [
      "admin@admin.com"
    ],
    "content_type": [
      "authentication",
      "permission"
    ],
    "object_id": "6",
    "object_repr": "list-userprofile",
    "action_flag": 1,
    "change_message": "[{\"added\": {}}]"
  }
},
{
  "model": "admin.logentry",
  "pk": 8,
  "fields": {
    "action_time": "2021-10-01T04:59:11.549Z",
    "user": [
      "admin@admin.com"
    ],
    "content_type": [
      "authentication",
      "permission"
    ],
    "object_id": "7",
    "object_repr": "create-userprofile",
    "action_flag": 1,
    "change_message": "[{\"added\": {}}]"
  }
},
{
  "model": "admin.logentry",
  "pk": 9,
  "fields": {
    "action_time": "2021-10-01T04:59:36.027Z",
    "user": [
      "admin@admin.com"
    ],
    "content_type": [
      "authentication",
      "permission"
    ],
    "object_id": "8",
    "object_repr": "retrieve-userprofile",
    "action_flag": 1,
    "change_message": "[{\"added\": {}}]"
  }
},
{
  "model": "admin.logentry",
  "pk": 10,
  "fields": {
    "action_time": "2021-10-01T04:59:52.836Z",
    "user": [
      "admin@admin.com"
    ],
    "content_type": [
      "authentication",
      "permission"
    ],
    "object_id": "9",
    "object_repr": "update-userprofile",
    "action_flag": 1,
    "change_message": "[{\"added\": {}}]"
  }
},
{
  "model": "admin.logentry",
  "pk": 11,
  "fields": {
    "action_time": "2021-10-01T05:00:14.894Z",
    "user": [
      "admin@admin.com"
    ],
    "content_type": [
      "authentication",
      "permission"
    ],
    "object_id": "10",
    "object_repr": "destroy-userprofile",
    "action_flag": 1,
    "change_message": "[{\"added\": {}}]"
  }
},
{
  "model": "admin.logentry",
  "pk": 12,
  "fields": {
    "action_time": "2021-10-01T05:00:42.848Z",
    "user": [
      "admin@admin.com"
    ],
    "content_type": [
      "authentication",
      "permission"
    ],
    "object_id": "11",
    "object_repr": "list-role",
    "action_flag": 1,
    "change_message": "[{\"added\": {}}]"
  }
},
{
  "model": "admin.logentry",
  "pk": 13,
  "fields": {
    "action_time": "2021-10-01T05:00:55.736Z",
    "user": [
      "admin@admin.com"
    ],
    "content_type": [
      "authentication",
      "permission"
    ],
    "object_id": "12",
    "object_repr": "create-role",
    "action_flag": 1,
    "change_message": "[{\"added\": {}}]"
  }
},
{
  "model": "admin.logentry",
  "pk": 14,
  "fields": {
    "action_time": "2021-10-01T05:01:36.872Z",
    "user": [
      "admin@admin.com"
    ],
    "content_type": [
      "authentication",
      "permission"
    ],
    "object_id": "13",
    "object_repr": "retrieve-role",
    "action_flag": 1,
    "change_message": "[{\"added\": {}}]"
  }
},
{
  "model": "admin.logentry",
  "pk": 15,
  "fields": {
    "action_time": "2021-10-01T05:01:54.023Z",
    "user": [
      "admin@admin.com"
    ],
    "content_type": [
      "authentication",
      "permission"
    ],
    "object_id": "14",
    "object_repr": "update-role",
    "action_flag": 1,
    "change_message": "[{\"added\": {}}]"
  }
},
{
  "model": "admin.logentry",
  "pk": 16,
  "fields": {
    "action_time": "2021-10-01T05:02:21.807Z",
    "user": [
      "admin@admin.com"
    ],
    "content_type": [
      "authentication",
      "permission"
    ],
    "object_id": "15",
    "object_repr": "destroy-role",
    "action_flag": 1,
    "change_message": "[{\"added\": {}}]"
  }
},
{
  "model": "admin.logentry",
  "pk": 17,
  "fields": {
    "action_time": "2021-10-01T05:02:58.174Z",
    "user": [
      "admin@admin.com"
    ],
    "content_type": [
      "authentication",
      "permission"
    ],
    "object_id": "16",
    "object_repr": "list-permission",
    "action_flag": 1,
    "change_message": "[{\"added\": {}}]"
  }
},
{
  "model": "admin.logentry",
  "pk": 18,
  "fields": {
    "action_time": "2021-10-01T05:03:14.517Z",
    "user": [
      "admin@admin.com"
    ],
    "content_type": [
      "authentication",
      "permission"
    ],
    "object_id": "17",
    "object_repr": "create-permission",
    "action_flag": 1,
    "change_message": "[{\"added\": {}}]"
  }
},
{
  "model": "admin.logentry",
  "pk": 19,
  "fields": {
    "action_time": "2021-10-01T05:03:37.494Z",
    "user": [
      "admin@admin.com"
    ],
    "content_type": [
      "authentication",
      "permission"
    ],
    "object_id": "18",
    "object_repr": "retrieve-permission",
    "action_flag": 1,
    "change_message": "[{\"added\": {}}]"
  }
},
{
  "model": "admin.logentry",
  "pk": 20,
  "fields": {
    "action_time": "2021-10-01T05:03:58.707Z",
    "user": [
      "admin@admin.com"
    ],
    "content_type": [
      "authentication",
      "permission"
    ],
    "object_id": "19",
    "object_repr": "update-permission",
    "action_flag": 1,
    "change_message": "[{\"added\": {}}]"
  }
},
{
  "model": "admin.logentry",
  "pk": 21,
  "fields": {
    "action_time": "2021-10-01T05:04:14.613Z",
    "user": [
      "admin@admin.com"
    ],
    "content_type": [
      "authentication",
      "permission"
    ],
    "object_id": "20",
    "object_repr": "destroy-permission",
    "action_flag": 1,
    "change_message": "[{\"added\": {}}]"
  }
},
{
  "model": "admin.logentry",
  "pk": 22,
  "fields": {
    "action_time": "2021-10-01T05:04:50.166Z",
    "user": [
      "admin@admin.com"
    ],
    "content_type": [
      "authentication",
      "role"
    ],
    "object_id": "1",
    "object_repr": "Admin",
    "action_flag": 1,
    "change_message": "[{\"added\": {}}]"
  }
},
{
  "model": "admin.logentry",
  "pk": 23,
  "fields": {
    "action_time": "2021-10-01T05:05:33.575Z",
    "user": [
      "admin@admin.com"
    ],
    "content_type": [
      "authentication",
      "role"
    ],
    "object_id": "2",
    "object_repr": "Staff",
    "action_flag": 1,
    "change_message": "[{\"added\": {}}]"
  }
},
{
  "model": "admin.logentry",
  "pk": 24,
  "fields": {
    "action_time": "2021-10-01T05:06:31.818Z",
    "user": [
      "admin@admin.com"
    ],
    "content_type": [
      "authentication",
      "role"
    ],
    "object_id": "3",
    "object_repr": "Regular",
    "action_flag": 1,
    "change_message": "[{\"added\": {}}]"
  }
},
{
  "model": "admin.logentry",
  "pk": 25,
  "fields": {
    "action_time": "2021-10-01T08:25:41.656Z",
    "user": [
      "admin@admin.com"
    ],
    "content_type": [
      "authentication",
      "user"
    ],
    "object_id": "1",
    "object_repr": "admin@admin.com",
    "action_flag": 2,
    "change_message": "[{\"changed\": {\"fields\": [\"Is verified\", \"Role\"]}}]"
  }
}
]
